Time (UTC),Sat Fix,# Sats,Baro Pressure mb,Baro altitude Ft,GPS altitude Ft,Speed (MPH),Heading Degrees, Latitude,Longitude,Ext Temp F,Int Temp F,Battery v,Release v
12:32:01,3D,4,848,4843,5239,0,0,39.608333,-104.0415,36,43,3.6,0
12:32:31,3D,4,848,4843,5239,0,0,39.608333,-104.0415,36,43,3.6,0
12:33:01,3D,10,848,4848,5245,0,0,39.608333,-104.0415,36,44,3.6,0
12:33:31,3D,10,847.8,4848,5239,0,0,39.608333,-104.0415,36,44,3.6,0
12:34:01,Diff,11,847.8,4850,5242,0,0,39.608333,-104.0415,36,45,3.6,0
12:34:31,Diff,11,847.8,4850,5233,0,0,39.608333,-104.0415,36,45,3.6,0
12:35:01,Diff,11,847.8,4852,5233,0,0,39.608333,-104.0415,36,46,3.6,0
12:35:31,Diff,11,847.7,4852,5237,0,0,39.608333,-104.0415,36,46,3.6,0
12:36:01,Diff,12,847.7,4854,5232,0,0,39.608333,-104.0415,36,47,3.5,0
12:36:31,Diff,12,847.7,4854,5224,0,0,39.608333,-104.0415,36,47,3.5,0
12:37:01,Diff,11,847.9,4854,5229,0,0,39.608333,-104.0415,36,48,3.6,0
12:38:31,Diff,11,847.7,4849,5234,0,0,39.608333,-104.0415,37,48,3.6,0
12:39:31,Diff,10,847.7,4847,5238,0,0,39.608333,-104.0415,36,48,3.6,0
12:40:31,Diff,11,847.8,4852,5227,0,0,39.608333,-104.0415,36,49,3.6,0
12:41:01,Diff,11,847.8,4850,5227,0,0,39.608333,-104.0415,36,49,3.6,0
12:41:31,Diff,11,847.8,4850,5230,0,0,39.608333,-104.0415,36,49,3.6,0
12:42:31,Diff,12,847.8,4852,5230,0,0,39.608333,-104.0415,36,49,3.6,0
12:43:31,Diff,12,847.8,4852,5228,0,0,39.608333,-104.0415,36,49,3.6,0
12:44:01,Diff,12,847.8,4852,5225,0,0,39.608333,-104.0415,36,49,3.6,0
12:44:31,Diff,12,847.8,4852,5228,0,0,39.608333,-104.0415,36,49,3.6,0
12:45:01,Diff,12,847.8,4854,5231,0,0,39.608333,-104.0415,36,50,3.6,0
12:45:31,Diff,12,847.6,4854,5229,0,293,39.608333,-104.0415,36,50,3.6,0
12:46:01,Diff,12,847.7,4854,5224,2,248,39.608333,-104.041833,36,50,3.6,0
12:46:31,Diff,12,847.6,4854,5216,1,247,39.608167,-104.042,36,50,3.6,0
12:47:01,Diff,14,847.8,4852,5225,0,279,39.608167,-104.042167,35,50,3.6,0
12:47:31,Diff,14,847.8,4852,5225,0,279,39.608167,-104.042167,35,50,3.6,0
12:48:01,Diff,13,847.6,4853,5234,0,279,39.608167,-104.042167,34,51,3.6,0
12:48:31,Diff,13,847.6,4853,5223,0,279,39.608167,-104.042167,34,51,3.6,0
12:49:31,Diff,13,847.6,4854,5232,0,128,39.608,-104.042167,34,51,3.6,0
12:50:01,Diff,13,847.7,4855,5216,0,128,39.608,-104.042167,34,51,3.6,0
12:50:31,Diff,13,847.6,4855,5215,0,128,39.608,-104.042167,34,51,3.6,0
12:51:01,Diff,13,847.8,4855,5213,0,151,39.608,-104.042167,34,51,3.6,0
12:51:31,Diff,13,847.8,4855,5221,0,151,39.608,-104.042167,34,51,3.6,0
12:52:01,Diff,14,847.8,4854,5220,0,151,39.608,-104.042167,33,52,3.6,0
12:52:31,Diff,14,847.7,4854,5220,0,151,39.608,-104.042167,33,52,3.6,0
12:53:01,Diff,16,847.6,4854,5222,0,151,39.608,-104.042167,33,52,3.6,0
12:53:31,Diff,16,847.6,4854,5215,0,151,39.608,-104.042167,33,52,3.6,0
12:54:01,Diff,14,847.9,4854,5217,0,151,39.608,-104.042167,33,52,3.6,0
12:54:31,Diff,14,847.7,4854,5225,0,151,39.608,-104.042167,33,52,3.6,0
12:55:31,Diff,14,847.5,4854,5233,0,348,39.608,-104.042167,33,52,3.6,0
12:56:01,Diff,15,847.7,4852,5227,0,348,39.608,-104.042167,34,53,3.6,0
12:56:31,Diff,15,847.7,4852,5228,0,348,39.608,-104.042167,34,53,3.6,0
12:57:31,Diff,16,847.8,4858,5216,0,355,39.608,-104.042167,34,53,3.6,0
12:58:01,Diff,16,847.7,4858,5218,0,355,39.608,-104.042167,34,53,3.6,0
12:59:01,Diff,16,847.4,4858,5218,0,355,39.608,-104.042167,34,53,3.6,0
12:59:31,Diff,16,847.7,4858,5222,0,355,39.608,-104.042167,34,53,3.6,0
13:00:01,Diff,16,847.8,4853,5221,0,355,39.608,-104.042167,35,53,3.6,0
13:00:31,Diff,16,847.7,4853,5219,0,355,39.608,-104.042167,35,53,3.6,0
13:01:01,Diff,17,847.8,4856,5222,0,355,39.608,-104.042167,35,53,3.6,0
13:01:31,Diff,17,847.6,4856,5220,0,355,39.608,-104.042167,35,53,3.6,0
13:02:01,Diff,18,847.6,4854,5214,0,355,39.608,-104.042167,35,53,3.6,0
13:02:31,Diff,18,847.8,4854,5218,0,355,39.608,-104.042167,35,53,3.6,0
13:03:01,Diff,16,847.6,4854,5217,0,355,39.608,-104.042167,35,54,3.6,0
13:03:31,Diff,16,847.7,4854,5221,0,355,39.608,-104.042167,35,54,3.6,0
13:04:01,Diff,18,847.8,4855,5220,0,355,39.608,-104.042167,35,54,3.6,0
13:04:31,Diff,18,847.6,4855,5217,0,355,39.608,-104.042167,35,54,3.6,0
13:05:01,Diff,17,847.6,4856,5217,0,355,39.608,-104.042167,36,54,3.6,0
13:05:31,Diff,17,847.8,4856,5208,0,355,39.608,-104.042167,36,54,3.6,0
13:06:31,Diff,17,847.6,4853,5213,0,355,39.608,-104.042167,36,54,3.6,0
13:07:01,Diff,17,847.8,4853,5216,0,355,39.608,-104.042167,36,54,3.6,0
13:07:31,Diff,17,847.5,4853,5219,0,355,39.608,-104.042167,36,54,3.6,0
13:08:01,Diff,17,847.8,4855,5218,0,355,39.608,-104.042167,36,54,3.6,0
13:08:31,Diff,17,847.7,4855,5220,0,355,39.608,-104.042167,36,54,3.6,0
13:09:31,Diff,16,847.6,4854,5215,0,355,39.608,-104.042167,36,54,3.6,0
13:10:01,Diff,14,847.8,4854,5212,0,355,39.608,-104.042167,36,54,3.6,0
13:10:31,Diff,14,847.5,4854,5212,0,355,39.608,-104.042167,36,54,3.6,0
13:11:31,Diff,16,847.6,4855,5214,0,355,39.608,-104.042167,36,54,3.6,0
13:12:01,Diff,16,847.6,4855,5212,0,355,39.608,-104.042167,36,54,3.6,0
13:12:31,Diff,16,847.6,4855,5211,0,355,39.608,-104.042167,36,54,3.6,0
13:13:01,Diff,15,847.6,4856,5213,0,355,39.608,-104.042167,36,54,3.6,0
13:13:31,Diff,15,847.6,4856,5213,0,355,39.608,-104.042167,36,54,3.6,0
13:14:31,Diff,14,847.8,4856,5212,0,355,39.608,-104.042167,36,54,3.5,0
13:15:01,Diff,14,847.7,4856,5209,0,355,39.608,-104.042167,36,54,3.6,0
13:15:31,Diff,14,847.8,4856,5212,0,355,39.608,-104.042167,36,54,3.6,0
13:16:31,Diff,15,847.7,4855,5212,0,355,39.608,-104.042167,36,54,3.6,0
13:17:31,Diff,14,847.7,4856,5223,0,142,39.608,-104.042167,36,54,3.5,0
13:18:31,Diff,15,847.6,4858,5227,0,166,39.608,-104.042167,35,54,3.5,0
13:19:01,Diff,18,845.8,4906,5278,6,203,39.608,-104.042167,34,54,3.6,0
13:19:31,Diff,18,825.7,4906,5908,9,69,39.608333,-104.042333,34,54,3.6,0
13:20:01,Diff,15,805.4,6202,6550,12,15,39.609167,-104.041833,29,54,3.5,0
13:20:31,Diff,15,786.3,6202,7176,10,76,39.610167,-104.040833,29,54,3.5,0
13:21:01,Diff,17,769.7,7401,7740,4,62,39.6105,-104.040167,30,54,3.5,0
13:21:31,Diff,17,752.5,7401,8328,1,351,39.610667,-104.0405,30,54,3.5,0
13:22:01,Diff,18,736.4,8550,8892,3,168,39.610333,-104.040333,30,54,3.5,0
13:22:31,Diff,18,720.2,8550,9478,1,209,39.609167,-104.040167,30,54,3.5,0
13:23:01,Diff,15,703.6,9735,10075,20,157,39.608333,-104.039167,28,54,3.5,0
13:24:01,Diff,17,672.6,10899,11252,13,141,39.6045,-104.035333,26,54,3.5,0
13:24:31,Diff,17,657.9,10899,11820,25,137,39.6025,-104.032333,26,54,3.5,0
13:25:01,Diff,18,643.8,12014,12372,34,127,39.5995,-104.029167,22,54,3.5,0
13:25:31,Diff,18,628.4,12014,12988,31,162,39.596167,-104.0255,22,54,3.5,0
13:26:01,Diff,18,613.4,13241,13607,35,138,39.593167,-104.022167,16,53,3.5,0
13:26:31,Diff,18,598.3,13241,14224,28,130,39.59,-104.018833,16,53,3.5,0
13:27:01,Diff,17,583.6,14481,14852,33,147,39.586667,-104.0155,14,52,3.5,0
13:27:31,Diff,17,570,14481,15449,17,160,39.583833,-104.013167,14,52,3.5,0
13:28:01,Diff,16,555.9,15688,16068,33,145,39.581167,-104.011167,10,52,3.5,0
13:28:31,Diff,16,542.3,15688,16684,32,146,39.578167,-104.008167,10,52,3.5,0
13:29:01,Diff,17,529.2,16897,17286,41,152,39.575,-104.005333,7,51,3.5,0
13:29:31,Diff,17,516.8,16897,17883,34,155,39.571667,-104.0025,7,51,3.5,0
13:30:01,Diff,16,504,18085,18488,23,148,39.568,-103.9995,3,51,3.5,0
13:30:31,Diff,16,490.6,18085,19147,41,138,39.564,-103.996667,3,51,3.5,0
13:31:01,Diff,17,478.7,19334,19743,34,141,39.559833,-103.993,-2,50,3.5,0
13:31:31,Diff,17,466.3,19334,20366,39,143,39.555167,-103.989,-2,50,3.5,0
13:32:01,Diff,16,453.9,20590,21012,50,136,39.550833,-103.9845,-7,49,3.5,0
13:32:31,Diff,16,442.3,20590,21639,57,138,39.546167,-103.9795,-7,49,3.5,0
13:33:01,Diff,17,430.7,21839,22268,47,138,39.541333,-103.974333,-11,48,3.5,0
13:33:31,Diff,17,419.5,21839,22881,52,146,39.536167,-103.969167,-11,48,3.5,0
13:34:01,Diff,16,407.3,23140,23561,74,139,39.531167,-103.962667,-16,47,3.5,0
13:34:31,Diff,16,396.2,23140,24225,67,137,39.525,-103.9565,-16,47,3.5,0
13:35:01,Diff,16,386.1,24379,24820,57,142,39.518667,-103.950667,-19,46,3.5,0
13:35:31,Diff,16,375.6,24379,25461,64,145,39.512333,-103.944667,-19,46,3.5,0
13:36:01,Diff,16,365.3,25645,26093,62,143,39.505667,-103.937667,-21,44,3.5,0
13:36:31,Diff,16,354.5,25645,26794,71,145,39.4985,-103.9305,-21,44,3.5,0
13:37:01,Diff,17,344.7,26959,27427,74,144,39.491333,-103.923333,-25,43,3.5,0
13:37:31,Diff,17,335,26959,28075,66,142,39.484,-103.915667,-25,43,3.5,0
13:38:01,Diff,16,325.7,28240,28704,81,145,39.477,-103.9085,-32,42,3.5,0
13:38:31,Diff,16,316.8,28240,29329,81,135,39.469833,-103.901,-32,42,3.5,0
13:39:01,Diff,16,308.2,29468,29944,67,130,39.463,-103.893333,-37,41,3.5,0
13:39:31,Diff,16,300.2,29468,30525,82,137,39.4565,-103.884833,-37,41,3.5,0
13:40:01,Diff,17,290.5,30764,31236,79,130,39.449667,-103.876333,-43,40,3.5,0
13:40:31,Diff,17,281.7,30764,31903,75,130,39.442833,-103.867833,-43,40,3.5,0
13:41:01,Diff,16,272.7,32129,32602,65,134,39.436333,-103.859167,-48,39,3.5,0
13:41:31,Diff,16,263.9,32129,33290,72,132,39.429333,-103.8505,-48,39,3.5,0
13:42:01,Diff,16,255.7,33505,33968,71,134,39.422667,-103.8415,-55,37,3.5,0
13:42:31,Diff,16,247.2,33505,34670,67,135,39.416,-103.832667,-55,37,3.5,0
13:43:01,Diff,16,238.7,34962,35400,75,129,39.409333,-103.824667,-60,36,3.5,0
13:43:31,Diff,16,230.2,34962,36155,71,141,39.403167,-103.816333,-60,36,3.5,0
13:44:01,Diff,14,222.4,36428,36848,63,129,39.396667,-103.807833,-66,34,3.5,0
13:44:31,Diff,14,215,36428,37540,71,117,39.391667,-103.798833,-66,34,3.5,0
13:45:01,Diff,15,207,37916,38305,60,111,39.387667,-103.7895,-68,32,3.5,0
13:45:31,Diff,15,199.4,37916,39069,72,126,39.383167,-103.78,-68,32,3.5,0
13:46:01,Diff,15,191.9,39505,39843,79,133,39.378167,-103.769833,-67,31,3.5,0
13:46:31,Diff,15,184.9,39505,40596,69,128,39.3725,-103.760833,-67,31,3.5,0
13:47:01,Diff,14,178.6,41021,41336,73,131,39.367833,-103.7525,-65,29,3.5,0
13:47:31,Diff,14,173.3,41021,41941,63,134,39.362833,-103.744167,-65,29,3.5,0
13:48:01,Diff,15,167.1,42386,42664,58,116,39.3585,-103.735667,-67,28,3.5,0
13:49:01,Diff,16,155.5,43896,44149,60,113,39.353667,-103.718167,-62,26,3.5,0
13:49:31,Diff,16,150.5,43896,44797,60,126,39.35,-103.7085,-62,26,3.5,0
13:50:01,Diff,15,146.9,45067,45297,77,124,39.345333,-103.699833,-60,25,3.5,0
13:50:31,Diff,15,142.8,45067,45895,49,121,39.341333,-103.691,-60,25,3.5,0
13:51:01,Diff,15,138.1,46342,46580,39,133,39.337,-103.685,-58,24,3.5,0
13:51:31,Diff,15,133.7,46342,47282,46,125,39.3335,-103.6785,-58,24,3.5,0
13:52:01,Diff,17,130.3,47561,47783,59,119,39.330833,-103.6715,-58,23,3.5,0
13:52:31,Diff,17,125.9,47561,48495,55,111,39.329,-103.663667,-58,23,3.5,0
13:53:01,Diff,17,121.9,47561,49135,56,98,39.327667,-103.654833,-58,23,3.5,0
13:53:31,Diff,17,118.5,47561,49724,59,98,39.325333,-103.6455,-58,23,3.5,0
13:55:01,Diff,16,106.5,51746,51887,51,141,39.317,-103.62,-63,21,3.5,0
13:56:01,Diff,16,99.7,53122,53214,47,122,39.310833,-103.606667,-65,20,3.5,0
13:56:31,Diff,16,96.7,53122,53850,44,114,39.308667,-103.599,-65,20,3.5,0
13:57:01,Diff,16,93.6,53122,54496,55,99,39.3055,-103.591167,-65,20,3.5,0
13:57:31,Diff,16,90.5,53122,55175,74,123,39.301833,-103.584167,-65,20,3.5,0
13:58:31,Diff,15,85.2,55769,56333,47,138,39.295667,-103.570833,-67,18,3.5,0
13:59:31,Diff,17,80.5,57015,57485,60,120,39.29,-103.556833,-67,18,3.5,0
14:00:01,Diff,17,78.4,57015,58031,48,103,39.2875,-103.55,-67,18,3.5,0
14:01:01,Diff,17,73,59612,59431,50,110,39.284,-103.535,-66,17,3.4,0
14:01:31,Diff,17,70.2,59612,60201,52,112,39.281167,-103.529167,-66,17,3.4,0
14:02:01,Diff,17,67.9,59612,60870,26,132,39.278667,-103.522667,-66,17,3.4,0
14:02:31,Diff,17,65.2,59612,61653,39,112,39.2765,-103.517167,-66,17,3.4,0
14:03:01,Diff,17,63.4,62520,62166,48,130,39.274333,-103.511333,-66,16,3.4,0
14:03:31,Diff,17,61.9,62520,62657,41,134,39.2715,-103.506333,-66,16,3.4,0
14:04:01,Diff,18,60.5,63550,63137,24,131,39.269167,-103.502333,-66,16,3.4,0
14:05:31,Diff,16,54.4,64872,65179,33,101,39.269167,-103.493667,-62,15,3.4,0
14:06:01,Diff,17,53.1,66306,65744,31,105,39.269667,-103.4905,-67,15,3.4,0
14:07:01,Diff,17,49.6,66306,67017,31,147,39.268333,-103.482333,-67,15,3.4,0
14:07:31,Diff,17,48.1,66306,67568,28,147,39.266167,-103.478,-67,15,3.4,0
14:08:01,Diff,17,46.6,66306,68199,28,152,39.263667,-103.474667,-67,15,3.4,0
14:09:01,Diff,17,43.9,66306,69332,54,119,39.259833,-103.467333,-67,15,3.4,0
14:09:31,Diff,17,42.6,66306,69892,49,138,39.257333,-103.462667,-67,15,3.4,0
14:10:01,Diff,19,41.4,71368,70432,34,154,39.255167,-103.459167,-59,15,3.4,0
14:11:01,Diff,19,39.2,72574,71569,18,185,39.250833,-103.453333,-57,15,3.4,0
14:11:31,Diff,19,38.1,72574,72128,2,20,39.249833,-103.451,-57,15,3.4,0
14:12:31,Diff,19,35.7,73838,73340,20,72,39.2485,-103.445333,-60,15,3.4,0
14:13:31,Diff,20,33.9,75039,74407,16,141,39.247667,-103.4395,-59,15,3.4,0
14:14:01,Diff,19,33,76162,74917,8,129,39.247,-103.437167,-58,15,3.4,0
14:14:31,Diff,19,32,76162,75416,20,99,39.246333,-103.434833,-58,15,3.4,0
14:15:31,Diff,17,30.3,77314,76484,12,135,39.244167,-103.431333,-58,15,3.4,0
14:16:01,Diff,20,29.3,78507,77042,26,150,39.242833,-103.4295,-57,16,3.4,0
14:16:31,Diff,20,28.9,78507,77573,14,195,39.241,-103.427667,-57,16,3.4,0
14:17:31,Diff,20,27,79677,78634,16,142,39.237333,-103.425167,-49,16,3.4,0
14:18:01,Diff,19,26.3,80820,79173,6,179,39.2355,-103.424167,-53,17,3.4,0
14:18:31,Diff,19,25.7,80820,79774,13,148,39.234167,-103.423833,-53,17,3.4,0
14:19:01,Diff,19,24.8,82075,80318,11,113,39.233833,-103.422333,-51,18,3.4,0
14:19:31,Diff,19,24.2,82075,80840,4,112,39.233167,-103.421667,-51,18,3.4,0
14:20:01,Diff,19,23.5,82075,81328,10,145,39.232333,-103.421,-51,18,3.4,0
14:20:31,Diff,19,22.9,82075,81822,4,330,39.232,-103.4205,-51,18,3.4,0
14:21:01,Diff,20,22.3,84234,82315,9,85,39.232,-103.419167,-49,19,3.4,0
14:21:31,Diff,20,21.8,84234,82853,12,155,39.231833,-103.417,-49,19,3.4,0
14:22:31,Diff,20,20.4,85489,84001,4,74,39.231333,-103.414333,-47,19,3.4,0
14:23:01,Diff,19,19.8,86726,84584,11,15,39.232,-103.413,-48,20,3.4,0
14:23:31,Diff,19,19.2,86726,85146,17,74,39.232667,-103.4115,-48,20,3.4,0
14:24:31,Diff,20,18.2,87954,86279,19,92,39.233,-103.405833,-48,21,3.4,0
14:25:31,Diff,19,17.1,89223,87362,19,129,39.231,-103.400667,-46,21,3.4,0
14:27:01,Diff,18,15.9,91560,88975,11,71,39.229,-103.395333,-44,22,3.4,0
14:27:31,Diff,18,15.4,91560,89517,13,111,39.229,-103.393167,-44,22,3.4,0
14:28:31,Diff,18,14.4,92994,90580,18,120,39.228,-103.3875,-43,23,3.4,0
14:29:01,Diff,18,13.9,92994,91112,17,97,39.2275,-103.384667,-43,23,3.4,0
14:29:31,Diff,18,13.5,92994,91639,23,79,39.227167,-103.381667,-43,23,3.4,0
14:30:01,Diff,18,13.1,92994,92187,17,122,39.227333,-103.378833,-43,23,3.4,0
14:30:31,Diff,18,12.7,92994,92763,16,107,39.226333,-103.376167,-43,23,3.4,0
14:31:01,Diff,19,12.4,96517,93340,28,83,39.226833,-103.373,-32,25,3.4,0
14:31:31,Diff,19,11.9,96517,93889,19,67,39.227667,-103.370167,-32,25,3.4,0
14:32:31,Diff,18,11.4,97755,94948,12,98,39.227833,-103.3645,-35,26,3.4,0
14:33:31,Diff,19,10.7,99040,95963,14,91,39.227667,-103.359833,-36,26,3.4,0
14:34:01,Diff,17,10.4,100223,96425,17,80,39.228167,-103.356333,-35,27,3.4,0
14:34:31,Diff,17,10.1,100223,96892,24,80,39.228333,-103.353333,-35,27,3.4,0
14:35:31,Diff,17,9.5,101232,97907,29,101,39.2275,-103.345833,-34,28,3.4,0
14:36:01,Diff,17,9.3,102660,98487,26,106,39.227,-103.341833,-27,29,3.4,0
14:36:31,Diff,17,9.1,102660,99082,20,105,39.226,-103.338167,-27,29,3.4,0
14:37:01,Diff,17,8.6,104147,99661,18,127,39.2255,-103.335333,-32,29,3.4,0
14:37:31,Diff,17,8.3,104147,100231,9,84,39.225333,-103.333333,-32,29,3.4,0
14:38:01,Diff,18,8.2,105088,100790,18,82,39.225833,-103.330833,-30,30,3.4,0
14:38:31,Diff,18,7.9,105088,101322,18,87,39.226,-103.327833,-30,30,3.4,0
14:39:31,Diff,18,7.4,106627,102325,24,85,39.226833,-103.320833,-33,31,3.4,0
14:40:31,Diff,18,7,107836,103374,25,62,39.229667,-103.313333,-35,32,3.4,0
14:41:01,Diff,17,6.6,109311,103939,27,66,39.231,-103.309333,-34,32,3.4,0
14:41:31,Diff,17,6.5,109311,104533,36,71,39.232667,-103.3045,-34,32,3.4,0
14:42:31,Diff,17,6.1,110687,105658,41,62,39.237667,-103.294833,-33,33,3.4,0
14:43:31,Diff,17,5.8,110687,106624,49,73,39.242167,-103.282,-33,33,3.4,0
14:45:31,Diff,17,5.1,114249,108366,44,81,39.245333,-103.251333,-28,35,3.4,0
14:46:01,Diff,17,5.1,114249,108851,50,101,39.2455,-103.243833,-28,35,3.4,0
14:46:31,Diff,17,4.9,114249,109304,46,87,39.244667,-103.235833,-28,35,3.4,0
14:49:31,Diff,18,14.9,96471,90205,9,174,39.245333,-103.203167,-40,38,3.4,0
14:52:01,Diff,15,31.4,77242,76125,3,243,39.2425,-103.196833,-59,37,3.4,0
14:52:31,Diff,15,34.7,77242,74060,29,142,39.243167,-103.193333,-59,37,3.4,0
14:53:01,Diff,15,38.5,77242,72072,26,35,39.244167,-103.191167,-59,37,3.4,0
14:53:31,Diff,15,42.9,77242,69885,29,98,39.242333,-103.188667,-59,37,3.4,0
14:54:01,Diff,18,47.8,68481,67806,16,176,39.239833,-103.185167,-70,34,3.4,0
14:55:01,Diff,16,57.1,64803,64367,23,94,39.2375,-103.178167,-68,33,3.4,0
14:55:31,Diff,16,61.7,64803,62827,33,137,39.237167,-103.174667,-68,33,3.4,0
14:56:31,Diff,16,71.8,61577,59794,28,134,39.231667,-103.164833,-67,32,3.4,0
14:57:01,Diff,16,77.1,58499,58366,32,108,39.228667,-103.158167,-70,30,3.4,0
14:57:31,Diff,16,82.6,58499,57093,64,103,39.2275,-103.152,-70,30,3.4,0
14:58:01,Diff,16,88.1,55773,55767,29,122,39.225333,-103.144,-70,29,3.4,0
14:58:31,Diff,16,93.3,55773,54572,63,109,39.223333,-103.137667,-70,29,3.4,0
14:59:31,Diff,17,105.1,53302,52205,44,135,39.217167,-103.123333,-67,28,3.4,0
15:00:31,Diff,17,117.9,50857,49867,51,104,39.211,-103.108667,-64,26,3.4,0
15:01:31,Diff,18,130.9,48571,47684,44,95,39.208167,-103.092,-61,25,3.4,0
15:02:01,Diff,18,137.6,48571,46682,40,112,39.2065,-103.085667,-61,25,3.4,0
15:02:31,Diff,18,144.4,48571,45663,39,120,39.203333,-103.078833,-61,25,3.4,0
15:03:01,Diff,16,151.3,44466,44685,52,133,39.200167,-103.071667,-59,23,3.4,0
15:03:31,Diff,16,158.2,44466,43767,82,128,39.1955,-103.0645,-59,23,3.4,0
15:04:31,Diff,17,173.2,42617,41907,60,120,39.185667,-103.044833,-66,22,3.4,0
15:05:01,Diff,16,181.1,40742,41004,62,123,39.181,-103.037,-65,21,3.4,0
15:05:31,Diff,16,189.5,40742,40094,60,133,39.176,-103.028833,-65,21,3.4,0
15:06:01,Diff,16,197.5,40742,39262,81,115,39.171167,-103.019,-65,21,3.4,0
15:06:31,Diff,16,205.7,40742,38449,60,113,39.1665,-103.008667,-65,21,3.4,0
15:07:01,Diff,15,213.6,37304,37656,58,128,39.162333,-102.9995,-69,18,3.4,0
15:07:31,Diff,15,222,37304,36884,62,130,39.157333,-102.990833,-69,18,3.4,0
15:08:01,Diff,15,230.3,35739,36140,66,141,39.1515,-102.9825,-66,18,3.4,0
15:08:31,Diff,15,238.9,35739,35393,72,136,39.144833,-102.974,-66,18,3.4,0
15:09:31,Diff,16,256.5,34218,33901,92,132,39.130667,-102.956333,-61,17,3.4,0
15:10:01,Diff,16,265.7,32719,33160,80,141,39.123667,-102.947667,-55,15,3.3,0
15:10:31,Diff,16,275,32719,32434,72,134,39.116833,-102.938,-55,15,3.3,0
15:12:01,Diff,15,303.7,29810,30291,87,137,39.095167,-102.912333,-42,15,3.4,0
15:12:31,Diff,15,313,29810,29620,65,137,39.088333,-102.9035,-42,15,3.4,0
15:13:01,Diff,16,322.7,28476,28951,72,132,39.081333,-102.895667,-37,14,3.4,0
15:13:31,Diff,16,332.4,28476,28295,85,141,39.074167,-102.888333,-37,14,3.4,0
15:15:01,Diff,15,362.3,25860,26331,75,133,39.053167,-102.864833,-25,14,3.4,0
15:15:31,Diff,15,372.3,25860,25705,70,143,39.046333,-102.857333,-25,14,3.4,0
15:16:01,Diff,15,382.6,25860,25092,54,140,39.041167,-102.850833,-25,14,3.4,0
15:17:01,Diff,16,402.6,23434,23901,43,152,39.031667,-102.840167,-21,14,3.3,0
15:17:31,Diff,16,413.4,23434,23305,56,145,39.026167,-102.836167,-21,14,3.3,0
15:18:31,Diff,16,434.6,23434,22123,35,136,39.016833,-102.827833,-21,14,3.3,0
15:19:01,Diff,16,445.6,21061,21528,32,156,39.013333,-102.825167,-13,15,3.3,0
15:19:31,Diff,16,456.9,21061,20939,33,141,39.010333,-102.822667,-13,15,3.3,0
15:20:31,Diff,16,480,19870,19757,31,138,39.004,-102.816,-8,15,3.3,0
15:21:01,Diff,16,491.9,19870,19172,28,141,39.001,-102.813,-8,15,3.3,0
15:21:31,Diff,16,503.7,19870,18584,34,161,38.997333,-102.8105,-8,15,3.3,0
15:22:01,Diff,16,516,17538,17999,27,134,38.994,-102.808167,2,16,3.3,0
15:22:31,Diff,16,527.8,17538,17441,27,166,38.991333,-102.8065,2,16,3.3,0
15:23:01,Diff,16,539.8,16443,16894,29,142,38.987833,-102.803833,6,17,3.3,0
15:23:31,Diff,16,551.3,16443,16362,29,167,38.985333,-102.8025,6,17,3.3,0
15:24:01,Diff,16,563,16443,15839,23,129,38.982167,-102.799833,6,17,3.3,0
15:24:31,Diff,16,574.7,16443,15328,27,163,38.979667,-102.798333,6,17,3.3,0
15:25:01,Diff,16,586.2,16443,14830,14,148,38.976833,-102.795833,6,17,3.3,0
15:25:31,Diff,16,598.1,16443,14327,29,143,38.974167,-102.794167,6,17,3.3,0
15:26:01,Diff,15,609.6,13417,13843,19,157,38.971833,-102.7915,14,19,3.3,0
15:26:31,Diff,15,620.6,13417,13384,35,146,38.968167,-102.79,14,19,3.3,0
15:27:01,Diff,15,632.7,12474,12892,27,137,38.965167,-102.786833,17,20,3.3,0
15:27:31,Diff,15,645.4,12474,12397,29,136,38.9625,-102.784167,17,20,3.3,0
15:28:01,Diff,15,658.5,12474,11873,18,137,38.959667,-102.781167,17,20,3.3,0
15:28:31,Diff,15,671.4,12474,11374,29,153,38.956833,-102.7795,17,20,3.3,0
15:29:01,Diff,15,684.6,12474,10880,24,151,38.954,-102.776667,17,20,3.3,0
15:29:31,Diff,15,697.9,12474,10375,13,143,38.952,-102.774833,17,20,3.3,0
15:30:01,Diff,15,711.6,12474,9866,14,126,38.950667,-102.773167,17,20,3.3,0
15:30:31,Diff,15,725.1,12474,9377,6,107,38.95,-102.7715,17,20,3.3,0
15:31:01,Diff,15,737.8,12474,8913,10,139,38.949333,-102.770167,17,20,3.3,0
15:31:31,Diff,15,750.9,12474,8454,8,144,38.9485,-102.7695,17,20,3.3,0
15:32:01,Diff,15,763.6,12474,8003,5,283,38.9485,-102.7695,17,20,3.3,0
15:32:31,Diff,15,776.8,12474,7562,8,17,38.949,-102.769667,17,20,3.3,0
15:33:31,Diff,16,805.4,6706,6611,14,37,38.951667,-102.767833,30,29,3.3,0
15:34:31,Diff,16,831.6,5807,5758,11,58,38.954333,-102.766167,31,30,3.3,0
15:35:31,Diff,17,860.6,4922,4853,11,52,38.956167,-102.763667,34,32,3.3,0
15:36:01,Diff,16,872.3,4089,4489,0,74,38.956667,-102.7625,42,34,3.3,0
15:36:31,Diff,16,872.1,4089,4499,0,74,38.956667,-102.7625,42,34,3.3,0
15:37:31,Diff,17,871.9,4097,4494,0,74,38.956667,-102.7625,44,35,3.3,0
15:38:31,Diff,17,871.8,4098,4495,0,74,38.956667,-102.7625,50,37,3.3,0
15:39:01,Diff,16,872,4102,4496,0,74,38.956667,-102.7625,44,39,3.3,0
15:39:31,Diff,16,871.7,4102,4497,0,74,38.956667,-102.7625,44,39,3.3,0
15:40:31,Diff,16,871.6,4102,4499,0,74,38.956667,-102.7625,44,39,3.3,0
15:41:01,Diff,17,871.6,4111,4500,0,74,38.956667,-102.7625,44,41,3.3,0
15:41:31,Diff,17,871.4,4111,4498,0,74,38.956667,-102.7625,44,41,3.3,0
15:42:31,Diff,17,871.5,4111,4496,0,74,38.956667,-102.7625,43,43,3.3,0
15:43:01,Diff,17,871.3,4114,4498,0,74,38.956667,-102.7625,43,44,3.3,0
15:43:31,Diff,17,871.4,4114,4497,0,74,38.956667,-102.7625,43,44,3.3,0
15:44:31,Diff,17,871.4,4115,4499,0,74,38.956667,-102.7625,43,45,3.3,0
15:45:01,Diff,18,871.4,4115,4498,0,74,38.956667,-102.7625,44,46,3.3,0
15:45:31,Diff,18,871.1,4115,4499,0,74,38.956667,-102.7625,44,46,3.3,0
15:46:01,Diff,17,871.3,4122,4501,0,74,38.956667,-102.7625,43,47,3.3,0
15:46:31,Diff,17,871.3,4122,4499,0,74,38.956667,-102.7625,43,47,3.3,0
15:47:01,Diff,17,871.1,4120,4501,0,74,38.956667,-102.7625,44,48,3.3,0
15:47:31,Diff,17,871.3,4120,4500,0,74,38.956667,-102.7625,44,48,3.3,0
15:48:01,Diff,17,871.1,4121,4500,0,83,38.956667,-102.7625,44,49,3.3,0
15:48:31,Diff,17,871,4121,4504,0,83,38.956667,-102.7625,44,49,3.3,0
15:49:01,Diff,18,871,4126,4503,0,83,38.956667,-102.7625,44,50,3.3,0
15:50:01,Diff,16,871,4124,4500,0,83,38.956667,-102.7625,45,51,3.3,0
15:50:31,Diff,16,871,4124,4504,0,83,38.956667,-102.7625,45,51,3.3,0
15:51:01,Diff,18,871,4124,4503,0,83,38.956667,-102.7625,44,52,3.3,0
15:52:01,Diff,18,871,4127,4501,0,83,38.956667,-102.7625,44,53,3.3,0
15:52:31,Diff,18,871,4127,4498,0,83,38.956667,-102.7625,44,53,3.3,0
15:53:01,Diff,17,871,4128,4501,0,83,38.956667,-102.7625,45,54,3.3,0
15:53:31,Diff,17,871,4128,4502,0,83,38.956667,-102.7625,45,54,3.3,0
15:54:01,Diff,17,870.9,4129,4502,0,83,38.956667,-102.7625,46,54,3.3,0
15:54:31,Diff,17,871,4129,4503,0,83,38.956667,-102.7625,46,54,3.3,0
15:55:31,Diff,17,870.9,4130,4503,0,83,38.956667,-102.7625,46,55,3.3,0
15:56:01,Diff,16,870.9,4127,4503,0,83,38.956667,-102.7625,46,56,3.3,0
15:56:31,Diff,16,870.8,4127,4504,0,83,38.956667,-102.7625,46,56,3.3,0
15:57:01,Diff,16,870.9,4127,4503,0,83,38.956667,-102.7625,46,56,3.3,0
15:57:31,Diff,16,871,4127,4503,0,83,38.956667,-102.7625,46,56,3.3,0
15:58:01,Diff,16,870.9,4131,4505,0,83,38.956667,-102.7625,48,58,3.3,0
15:58:31,Diff,16,870.8,4131,4505,0,83,38.956667,-102.7625,48,58,3.3,0
15:59:01,Diff,17,870.9,4131,4503,0,83,38.956667,-102.7625,48,59,3.3,0
15:59:31,Diff,17,871,4131,4502,0,83,38.956667,-102.7625,48,59,3.3,0
16:00:01,Diff,16,871,4131,4504,0,83,38.956667,-102.7625,49,60,3.3,0
16:00:31,Diff,16,870.9,4131,4504,0,83,38.956667,-102.7625,49,60,3.3,0
16:01:01,Diff,16,870.9,4131,4504,0,83,38.956667,-102.7625,49,60,3.3,0
16:01:31,Diff,16,870.9,4131,4507,0,83,38.956667,-102.7625,49,60,3.3,0
16:02:01,Diff,16,870.8,4131,4504,0,83,38.956667,-102.7625,49,61,3.3,0
16:02:31,Diff,16,870.8,4131,4505,0,83,38.956667,-102.7625,49,61,3.3,0
16:03:31,Diff,16,870.6,4135,4503,0,83,38.956667,-102.7625,47,62,3.3,0
16:04:01,Diff,16,870.8,4135,4504,0,83,38.956667,-102.7625,53,62,3.3,0
16:05:01,Diff,16,870.6,4135,4505,0,83,38.956667,-102.7625,56,63,3.3,0
16:05:31,Diff,16,870.7,4135,4505,0,83,38.956667,-102.7625,56,63,3.3,0
16:06:01,Diff,15,870.7,4136,4505,0,83,38.956667,-102.7625,53,65,3.3,0
16:06:31,Diff,15,870.8,4136,4505,0,83,38.956667,-102.7625,53,65,3.3,0
16:07:01,Diff,16,870.7,4137,4507,0,83,38.956667,-102.7625,51,66,3.3,0
16:07:31,Diff,16,870.5,4137,4505,0,83,38.956667,-102.7625,51,66,3.3,0
16:08:01,Diff,16,870.9,4135,4507,0,83,38.956667,-102.7625,50,66,3.3,0
16:08:31,Diff,16,870.8,4135,4505,0,83,38.956667,-102.7625,50,66,3.3,0
16:09:01,Diff,16,870.5,4138,4505,0,83,38.956667,-102.7625,49,67,3.3,0
16:09:31,Diff,16,870.6,4138,4506,0,83,38.956667,-102.7625,49,67,3.3,0
16:10:01,Diff,17,870.7,4137,4506,0,83,38.956667,-102.7625,50,68,3.3,0
16:10:31,Diff,17,870.5,4137,4504,0,83,38.956667,-102.7625,50,68,3.3,0
16:11:01,Diff,17,870.7,4137,4506,0,83,38.956667,-102.7625,50,68,3.3,0
16:11:31,Diff,17,870.7,4137,4505,0,83,38.956667,-102.7625,50,68,3.3,0
16:12:01,Diff,17,870.7,4138,4504,0,83,38.956667,-102.7625,48,69,3.3,0
16:12:31,Diff,17,870.6,4138,4505,0,83,38.956667,-102.7625,48,69,3.3,0
16:13:01,Diff,17,870.6,4139,4506,0,83,38.956667,-102.7625,51,69,3.3,0
16:13:31,Diff,17,870.7,4139,4504,0,83,38.956667,-102.7625,51,69,3.3,0
16:14:01,Diff,17,870.6,4140,4506,0,83,38.956667,-102.7625,53,70,3.3,0
16:14:31,Diff,17,870.6,4140,4507,0,83,38.956667,-102.7625,53,70,3.3,0
16:15:01,Diff,16,870.7,4140,4506,0,83,38.956667,-102.7625,53,70,3.3,0
16:15:31,Diff,16,870.5,4140,4507,0,83,38.956667,-102.7625,53,70,3.3,0
16:16:01,Diff,17,870.5,4140,4505,0,83,38.956667,-102.7625,51,71,3.3,0
16:17:01,Diff,17,870.5,4143,4507,0,83,38.956667,-102.7625,50,72,3.3,0
16:17:31,Diff,17,870.5,4143,4508,0,83,38.956667,-102.7625,50,72,3.3,0
16:18:01,Diff,17,870.4,4142,4507,0,83,38.956667,-102.7625,50,72,3.3,0
16:18:31,Diff,17,870.6,4142,4507,0,83,38.956667,-102.7625,50,72,3.3,0
16:19:01,Diff,17,870.4,4141,4508,0,83,38.956667,-102.7625,49,72,3.3,0
16:19:31,Diff,17,870.5,4141,4506,0,83,38.956667,-102.7625,49,72,3.3,0
16:20:01,Diff,17,870.6,4140,4506,0,83,38.956667,-102.7625,49,73,3.3,0
16:20:31,Diff,17,870.5,4140,4505,0,83,38.956667,-102.7625,49,73,3.3,0
16:21:01,Diff,17,870.5,4142,4507,0,83,38.956667,-102.7625,48,73,3.3,0
16:21:31,Diff,17,870.5,4142,4509,0,83,38.956667,-102.7625,48,73,3.3,0
16:22:01,Diff,17,870.5,4143,4507,0,83,38.956667,-102.7625,51,73,3.3,0
16:22:31,Diff,17,870.5,4143,4508,0,83,38.956667,-102.7625,51,73,3.3,0
16:23:01,Diff,15,870.6,4141,4507,0,83,38.956667,-102.7625,50,74,3.3,0
16:23:31,Diff,15,870.4,4141,4509,0,168,38.956667,-102.7625,50,74,3.3,0
